date,username,to,replies,retweets,favorites,text,geo,mentions,hashtags,id,permalink
2020-05-31 00:11:44,BigBird01558595,,0,1,0,"Tweet #168 12",,,,1266885032754515968,https://twitter.com/BigBird01558595/status/1266885032754515968
2020-05-31 00:10:41,BigBird01558595,,0,0,0,"Tweet #274 72",,,,1266884770623078400,https://twitter.com/BigBird01558595/status/1266884770623078400
2020-05-31 00:09:40,BigBird01558595,,0,0,0,"Tweet #23 111",,,,1266884512681779212,https://twitter.com/BigBird01558595/status/1266884512681779212
2020-05-31 00:08:38,BigBird01558595,,0,0,0,"Tweet #376 63",,,,1266884254790750208,https://twitter.com/BigBird01558595/status/1266884254790750208
2020-05-31 00:07:37,BigBird01558595,,0,0,0,"Tweet #333 202",,,,1266883996862091264,https://twitter.com/BigBird01558595/status/1266883996862091264
2020-05-31 00:06:35,BigBird01558595,,0,0,0,"Tweet #58 83",,,,1266883738362937344,https://twitter.com/BigBird01558595/status/1266883738362937344
2020-05-31 00:05:33,BigBird01558595,,0,0,0,"Tweet #282 88",,,,1266883480023162882,https://twitter.com/BigBird01558595/status/1266883480023162882
2020-05-31 00:04:32,BigBird01558595,,0,0,0,"Tweet #375 226",,,,1266883222132178944,https://twitter.com/BigBird01558595/status/1266883222132178944
2020-05-31 00:03:30,BigBird01558595,,0,0,0,"Tweet #225 38",,,,1266882964467732486,https://twitter.com/BigBird01558595/status/1266882964467732486
2020-05-31 00:02:29,BigBird01558595,,0,0,0,"Tweet #292 202",,,,1266882706182483969,https://twitter.com/BigBird01558595/status/1266882706182483969
2020-05-31 00:01:27,BigBird01558595,,0,0,0,"Tweet #315 201",,,,1266882447821737984,https://twitter.com/BigBird01558595/status/1266882447821737984
2020-05-31 00:00:26,BigBird01558595,,0,0,0,"Tweet #400 130",,,,1266882189595234304,https://twitter.com/BigBird01558595/status/1266882189595234304
2020-05-30 23:59:24,BigBird01558595,,0,0,0,"Tweet #221 163",,,,1266881931725230082,https://twitter.com/BigBird01558595/status/1266881931725230082
2020-05-30 23:58:23,BigBird01558595,,0,0,0,"Tweet #262 20",,,,1266881673934888967,https://twitter.com/BigBird01558595/status/1266881673934888967
2020-05-30 23:57:21,BigBird01558595,,0,0,0,"Tweet #365 228",,,,1266881416551432192,https://twitter.com/BigBird01558595/status/1266881416551432192
2020-05-30 23:56:20,BigBird01558595,,0,0,0,"Tweet #335 159",,,,1266881158262018048,https://twitter.com/BigBird01558595/status/1266881158262018048
2020-05-30 23:55:18,BigBird01558595,,0,0,0,"Tweet #162 88",,,,1266880900496789504,https://twitter.com/BigBird01558595/status/1266880900496789504
2020-05-30 23:54:17,BigBird01558595,,0,0,0,"Tweet #384 214",,,,1266880642673004545,https://twitter.com/BigBird01558595/status/1266880642673004545
2020-05-30 23:53:15,BigBird01558595,,0,0,0,"Tweet #200 67",,,,1266880384857444352,https://twitter.com/BigBird01558595/status/1266880384857444352
2020-05-30 23:52:14,BigBird01558595,,0,0,0,"Tweet #93 84",,,,1266880126781980673,https://twitter.com/BigBird01558595/status/1266880126781980673
2020-05-30 23:51:12,BigBird01558595,,0,0,0,"Tweet #238 22",,,,1266879868542881793,https://twitter.com/BigBird01558595/status/1266879868542881793
2020-05-30 23:50:11,BigBird01558595,,0,0,0,"Tweet #361 146",,,,1266879610513494018,https://twitter.com/BigBird01558595/status/1266879610513494018
2020-05-30 23:49:09,BigBird01558595,,0,0,0,"Tweet #357 32",,,,1266879352567930886,https://twitter.com/BigBird01558595/status/1266879352567930886
2020-05-30 23:48:08,BigBird01558595,,0,0,0,"Tweet #12 73",,,,1266879094840590337,https://twitter.com/BigBird01558595/status/1266879094840590337
2020-05-30 23:47:06,BigBird01558595,,0,0,0,"Tweet #108 217",,,,1266878836681179136,https://twitter.com/BigBird01558595/status/1266878836681179136
2020-05-30 23:46:05,BigBird01558595,,0,0,0,"Tweet #275 74",,,,1266878578584666115,https://twitter.com/BigBird01558595/status/1266878578584666115
2020-05-30 23:45:03,BigBird01558595,,0,0,0,"Tweet #7 10",,,,1266878320823721986,https://twitter.com/BigBird01558595/status/1266878320823721986
2020-05-30 23:44:02,BigBird01558595,,0,0,0,"Tweet #279 229",,,,1266878062320328704,https://twitter.com/BigBird01558595/status/1266878062320328704
2020-05-30 23:43:00,BigBird01558595,,0,0,0,"Tweet #112 13",,,,1266877803359854598,https://twitter.com/BigBird01558595/status/1266877803359854598
2020-05-30 23:41:58,BigBird01558595,,0,0,0,"Tweet #61 200",,,,1266877545502453762,https://twitter.com/BigBird01558595/status/1266877545502453762
2020-05-30 23:40:57,BigBird01558595,,0,0,0,"Tweet #49 159",,,,1266877287078789126,https://twitter.com/BigBird01558595/status/1266877287078789126
2020-05-30 23:39:55,BigBird01558595,,0,0,0,"Tweet #214 251",,,,1266877029141659649,https://twitter.com/BigBird01558595/status/1266877029141659649
2020-05-30 23:38:54,BigBird01558595,,0,0,0,"Tweet #258 55",,,,1266876771468705793,https://twitter.com/BigBird01558595/status/1266876771468705793
2020-05-30 23:37:52,BigBird01558595,,0,0,0,"Tweet #98 177",,,,1266876513498157057,https://twitter.com/BigBird01558595/status/1266876513498157057
2020-05-30 23:36:51,BigBird01558595,,0,1,1,"Tweet #190 69",,,,1266876255540051968,https://twitter.com/BigBird01558595/status/1266876255540051968
2020-05-30 23:35:49,BigBird01558595,,0,0,0,"Tweet #259 102",,,,1266875997351223297,https://twitter.com/BigBird01558595/status/1266875997351223297
2020-05-30 23:34:48,BigBird01558595,,0,0,0,"Tweet #56 82",,,,1266875739393134592,https://twitter.com/BigBird01558595/status/1266875739393134592
2020-05-30 23:33:46,BigBird01558595,,0,0,0,"Tweet #216 203",,,,1266875481414078467,https://twitter.com/BigBird01558595/status/1266875481414078467
2020-05-30 23:32:45,BigBird01558595,,0,0,0,"Tweet #19 111",,,,1266875223586017280,https://twitter.com/BigBird01558595/status/1266875223586017280
2020-05-30 23:31:43,BigBird01558595,,0,0,0,"Tweet #3 71",,,,1266874965799981062,https://twitter.com/BigBird01558595/status/1266874965799981062
2020-05-30 23:30:42,BigBird01558595,,0,0,0,"Tweet #186 5",,,,1266874707640451078,https://twitter.com/BigBird01558595/status/1266874707640451078
2020-05-30 23:29:40,BigBird01558595,,0,0,0,"Tweet #321 141",,,,1266874449736937472,https://twitter.com/BigBird01558595/status/1266874449736937472
2020-05-30 23:28:39,BigBird01558595,,0,0,0,"Tweet #261 30",,,,1266874191569211392,https://twitter.com/BigBird01558595/status/1266874191569211392
2020-05-30 23:27:37,BigBird01558595,,0,0,0,"Tweet #152 131",,,,1266873933686616066,https://twitter.com/BigBird01558595/status/1266873933686616066
2020-05-30 23:26:36,BigBird01558595,,0,0,0,"Tweet #390 0",,,,1266873675594313730,https://twitter.com/BigBird01558595/status/1266873675594313730
2020-05-30 23:25:34,BigBird01558595,,0,0,0,"Tweet #356 204",,,,1266873417002860550,https://twitter.com/BigBird01558595/status/1266873417002860550
2020-05-30 23:24:33,BigBird01558595,,0,0,0,"Tweet #194 30",,,,1266873159057375234,https://twitter.com/BigBird01558595/status/1266873159057375234
2020-05-30 23:23:31,BigBird01558595,,0,0,0,"Tweet #248 220",,,,1266872901011214336,https://twitter.com/BigBird01558595/status/1266872901011214336
2020-05-30 23:22:30,BigBird01558595,,0,0,0,"Tweet #230 185",,,,1266872643078238210,https://twitter.com/BigBird01558595/status/1266872643078238210
2020-05-30 23:21:28,BigBird01558595,,0,0,0,"Tweet #281 48",,,,1266872385086652417,https://twitter.com/BigBird01558595/status/1266872385086652417
2020-05-30 23:20:27,BigBird01558595,,0,0,0,"Tweet #134 165",,,,1266872126721732609,https://twitter.com/BigBird01558595/status/1266872126721732609
2020-05-30 23:19:25,BigBird01558595,,0,0,0,"Tweet #62 181",,,,1266871868830687233,https://twitter.com/BigBird01558595/status/1266871868830687233
2020-05-30 23:18:24,BigBird01558595,,0,0,0,"Tweet #198 105",,,,1266871611040432128,https://twitter.com/BigBird01558595/status/1266871611040432128
2020-05-30 23:17:22,BigBird01558595,,0,0,0,"Tweet #39 84",,,,1266871353149403136,https://twitter.com/BigBird01558595/status/1266871353149403136
2020-05-30 23:16:21,BigBird01558595,,0,0,0,"Tweet #0 137",,,,1266871095237455877,https://twitter.com/BigBird01558595/status/1266871095237455877
2020-05-30 23:15:19,BigBird01558595,,0,0,0,"Tweet #320 210",,,,1266870837044555776,https://twitter.com/BigBird01558595/status/1266870837044555776
2020-05-30 23:14:18,BigBird01558595,,0,0,0,"Tweet #14 68",,,,1266870579078062081,https://twitter.com/BigBird01558595/status/1266870579078062081
2020-05-30 23:13:16,BigBird01558595,,0,0,0,"Tweet #352 15",,,,1266870321229041666,https://twitter.com/BigBird01558595/status/1266870321229041666
2020-05-30 23:12:15,BigBird01558595,,0,0,0,"Tweet #263 158",,,,1266870063241388032,https://twitter.com/BigBird01558595/status/1266870063241388032
2020-05-30 23:11:13,BigBird01558595,,0,0,0,"Tweet #178 178",,,,1266869805216403457,https://twitter.com/BigBird01558595/status/1266869805216403457
2020-05-30 23:10:11,BigBird01558595,,0,0,0,"Tweet #203 7",,,,1266869546952114178,https://twitter.com/BigBird01558595/status/1266869546952114178
2020-05-30 23:09:10,BigBird01558595,,0,0,0,"Tweet #44 255",,,,1266869288989790209,https://twitter.com/BigBird01558595/status/1266869288989790209
2020-05-30 23:08:08,BigBird01558595,,0,0,0,"Tweet #213 83",,,,1266869031061147649,https://twitter.com/BigBird01558595/status/1266869031061147649
2020-05-30 23:07:07,BigBird01558595,,0,0,0,"Tweet #397 174",,,,1266868773497245697,https://twitter.com/BigBird01558595/status/1266868773497245697
2020-05-30 23:06:06,BigBird01558595,,0,0,0,"Tweet #35 0",,,,1266868515853807617,https://twitter.com/BigBird01558595/status/1266868515853807617
2020-05-30 23:05:04,BigBird01558595,,0,0,0,"Tweet #191 118",,,,1266868257987969032,https://twitter.com/BigBird01558595/status/1266868257987969032
2020-05-30 23:04:03,BigBird01558595,,0,0,0,"Tweet #380 5",,,,1266868000147243010,https://twitter.com/BigBird01558595/status/1266868000147243010
2020-05-30 23:03:01,BigBird01558595,,0,0,0,"Tweet #286 67",,,,1266867742084337666,https://twitter.com/BigBird01558595/status/1266867742084337666
2020-05-30 23:02:00,BigBird01558595,,0,0,0,"Tweet #395 78",,,,1266867484134641664,https://twitter.com/BigBird01558595/status/1266867484134641664
2020-05-30 23:00:58,BigBird01558595,,0,0,0,"Tweet #136 112",,,,1266867226298253317,https://twitter.com/BigBird01558595/status/1266867226298253317
2020-05-30 22:59:57,BigBird01558595,,0,0,0,"Tweet #277 129",,,,1266866968033931269,https://twitter.com/BigBird01558595/status/1266866968033931269
2020-05-30 22:58:55,BigBird01558595,,0,0,0,"Tweet #360 90",,,,1266866710306533376,https://twitter.com/BigBird01558595/status/1266866710306533376
2020-05-30 22:57:54,BigBird01558595,,0,0,0,"Tweet #341 95",,,,1266866452142985219,https://twitter.com/BigBird01558595/status/1266866452142985219
2020-05-30 22:56:52,BigBird01558595,,0,0,0,"Tweet #147 51",,,,1266866194059059201,https://twitter.com/BigBird01558595/status/1266866194059059201
2020-05-30 22:55:51,BigBird01558595,,0,0,0,"Tweet #45 255",,,,1266865935979294723,https://twitter.com/BigBird01558595/status/1266865935979294723
2020-05-30 22:54:49,BigBird01558595,,0,0,0,"Tweet #337 128",,,,1266865676175753217,https://twitter.com/BigBird01558595/status/1266865676175753217
2020-05-30 22:53:47,BigBird01558595,,0,0,0,"Tweet #53 0",,,,1266865418318295040,https://twitter.com/BigBird01558595/status/1266865418318295040
2020-05-30 22:52:46,BigBird01558595,,0,0,0,"Tweet #139 41",,,,1266865160507064320,https://twitter.com/BigBird01558595/status/1266865160507064320
2020-05-30 22:51:44,BigBird01558595,,0,0,0,"Tweet #264 170",,,,1266864902599315456,https://twitter.com/BigBird01558595/status/1266864902599315456
2020-05-30 22:50:43,BigBird01558595,,0,0,0,"Tweet #211 174",,,,1266864644561555456,https://twitter.com/BigBird01558595/status/1266864644561555456
2020-05-30 22:49:41,BigBird01558595,,0,0,0,"Tweet #127 64",,,,1266864386246955009,https://twitter.com/BigBird01558595/status/1266864386246955009
2020-05-30 22:48:40,BigBird01558595,,0,0,0,"Tweet #265 53",,,,1266864128494309377,https://twitter.com/BigBird01558595/status/1266864128494309377
2020-05-30 22:47:38,BigBird01558595,,0,0,0,"Tweet #46 255",,,,1266863870662127616,https://twitter.com/BigBird01558595/status/1266863870662127616
2020-05-30 22:46:37,BigBird01558595,,0,0,0,"Tweet #359 115",,,,1266863612850851840,https://twitter.com/BigBird01558595/status/1266863612850851840
2020-05-30 22:45:35,BigBird01558595,,0,0,0,"Tweet #331 132",,,,1266863355073003528,https://twitter.com/BigBird01558595/status/1266863355073003528
2020-05-30 22:44:34,BigBird01558595,,0,0,0,"Tweet #205 242",,,,1266863096875941898,https://twitter.com/BigBird01558595/status/1266863096875941898
2020-05-30 22:43:32,BigBird01558595,,0,0,0,"Tweet #377 246",,,,1266862838804631552,https://twitter.com/BigBird01558595/status/1266862838804631552
2020-05-30 22:42:31,BigBird01558595,,0,0,0,"Tweet #307 85",,,,1266862581010051072,https://twitter.com/BigBird01558595/status/1266862581010051072
2020-05-30 22:41:29,BigBird01558595,,0,0,0,"Tweet #353 108",,,,1266862322959691776,https://twitter.com/BigBird01558595/status/1266862322959691776
2020-05-30 22:40:28,BigBird01558595,,0,0,0,"Tweet #338 52",,,,1266862065182015488,https://twitter.com/BigBird01558595/status/1266862065182015488
2020-05-30 22:39:26,BigBird01558595,,0,0,0,"Tweet #201 90",,,,1266861806653517827,https://twitter.com/BigBird01558595/status/1266861806653517827
2020-05-30 22:38:25,BigBird01558595,,0,0,0,"Tweet #122 209",,,,1266861548821196801,https://twitter.com/BigBird01558595/status/1266861548821196801
2020-05-30 22:37:23,BigBird01558595,,0,0,0,"Tweet #72 115",,,,1266861290942803968,https://twitter.com/BigBird01558595/status/1266861290942803968
2020-05-30 22:36:22,BigBird01558595,,0,0,0,"Tweet #167 131",,,,1266861033068670976,https://twitter.com/BigBird01558595/status/1266861033068670976
2020-05-30 22:35:20,BigBird01558595,,0,0,0,"Tweet #165 23",,,,1266860775219568640,https://twitter.com/BigBird01558595/status/1266860775219568640
2020-05-30 22:34:19,BigBird01558595,,0,0,0,"Tweet #294 26",,,,1266860516905025536,https://twitter.com/BigBird01558595/status/1266860516905025536
2020-05-30 22:33:17,BigBird01558595,,0,0,0,"Tweet #135 52",,,,1266860258951118850,https://twitter.com/BigBird01558595/status/1266860258951118850
2020-05-30 22:32:16,BigBird01558595,,0,0,0,"Tweet #327 214",,,,1266860001089511424,https://twitter.com/BigBird01558595/status/1266860001089511424
2020-05-30 22:31:14,BigBird01558595,,0,0,0,"Tweet #260 21",,,,1266859743001411584,https://twitter.com/BigBird01558595/status/1266859743001411584
2020-05-30 22:30:13,BigBird01558595,,0,0,0,"Tweet #78 0",,,,1266859485190148097,https://twitter.com/BigBird01558595/status/1266859485190148097
2020-05-30 22:29:11,BigBird01558595,,0,0,0,"Tweet #21 0",,,,1266859227429167104,https://twitter.com/BigBird01558595/status/1266859227429167104
2020-05-30 22:28:10,BigBird01558595,,0,0,0,"Tweet #140 200",,,,1266858969743667200,https://twitter.com/BigBird01558595/status/1266858969743667200
2020-05-30 22:27:08,BigBird01558595,,0,0,0,"Tweet #236 187",,,,1266858712108617728,https://twitter.com/BigBird01558595/status/1266858712108617728
2020-05-30 22:26:07,BigBird01558595,,0,0,0,"Tweet #245 241",,,,1266858454007918592,https://twitter.com/BigBird01558595/status/1266858454007918592
2020-05-30 22:25:05,BigBird01558595,,0,0,0,"Tweet #42 0",,,,1266858195793973248,https://twitter.com/BigBird01558595/status/1266858195793973248
2020-05-30 22:24:04,BigBird01558595,,0,0,0,"Tweet #217 49",,,,1266857937860952064,https://twitter.com/BigBird01558595/status/1266857937860952064
2020-05-30 22:23:02,BigBird01558595,,0,0,0,"Tweet #114 86",,,,1266857679861026820,https://twitter.com/BigBird01558595/status/1266857679861026820
2020-05-30 22:22:01,BigBird01558595,,0,0,0,"Tweet #300 76",,,,1266857421856702464,https://twitter.com/BigBird01558595/status/1266857421856702464
2020-05-30 22:20:59,BigBird01558595,,0,0,0,"Tweet #234 11",,,,1266857163705769986,https://twitter.com/BigBird01558595/status/1266857163705769986
2020-05-30 22:19:57,BigBird01558595,,0,0,0,"Tweet #388 66",,,,1266856905487585282,https://twitter.com/BigBird01558595/status/1266856905487585282
2020-05-30 22:18:55,BigBird01558595,,0,0,0,"Tweet #391 0",,,,1266856643456913411,https://twitter.com/BigBird01558595/status/1266856643456913411
2020-05-30 22:17:54,BigBird01558595,,0,0,0,"Tweet #271 194",,,,1266856385570013186,https://twitter.com/BigBird01558595/status/1266856385570013186
2020-05-30 22:16:52,BigBird01558595,,0,0,0,"Tweet #133 138",,,,1266856127272226817,https://twitter.com/BigBird01558595/status/1266856127272226817
2020-05-30 22:15:50,BigBird01558595,,0,0,0,"Tweet #125 18",,,,1266855868517105664,https://twitter.com/BigBird01558595/status/1266855868517105664
2020-05-30 22:14:49,BigBird01558595,,0,0,0,"Tweet #59 255",,,,1266855610550755328,https://twitter.com/BigBird01558595/status/1266855610550755328
2020-05-30 22:13:47,BigBird01558595,,0,0,0,"Tweet #159 32",,,,1266855352726945797,https://twitter.com/BigBird01558595/status/1266855352726945797
2020-05-30 22:12:46,BigBird01558595,,0,0,0,"Tweet #288 239",,,,1266855094525538307,https://twitter.com/BigBird01558595/status/1266855094525538307
2020-05-30 22:11:44,BigBird01558595,,0,0,0,"Tweet #351 22",,,,1266854836483452928,https://twitter.com/BigBird01558595/status/1266854836483452928
2020-05-30 22:10:43,BigBird01558595,,0,0,0,"Tweet #314 40",,,,1266854578143866882,https://twitter.com/BigBird01558595/status/1266854578143866882
2020-05-30 22:09:41,BigBird01558595,,0,0,1,"Tweet #219 76",,,,1266854320156352512,https://twitter.com/BigBird01558595/status/1266854320156352512
2020-05-30 22:08:40,BigBird01558595,,0,0,0,"Tweet #153 17",,,,1266854062152179714,https://twitter.com/BigBird01558595/status/1266854062152179714
2020-05-30 22:07:38,BigBird01558595,,0,0,0,"Tweet #268 64",,,,1266853803980177409,https://twitter.com/BigBird01558595/status/1266853803980177409
2020-05-30 22:06:37,BigBird01558595,,0,0,0,"Tweet #189 61",,,,1266853546118598658,https://twitter.com/BigBird01558595/status/1266853546118598658
2020-05-30 22:05:35,BigBird01558595,,0,0,0,"Tweet #89 35",,,,1266853288193949698,https://twitter.com/BigBird01558595/status/1266853288193949698
2020-05-30 22:04:33,BigBird01558595,,0,0,0,"Tweet #163 142",,,,1266853029984206849,https://twitter.com/BigBird01558595/status/1266853029984206849
2020-05-30 22:03:32,BigBird01558595,,0,0,0,"Tweet #86 0",,,,1266852771967401987,https://twitter.com/BigBird01558595/status/1266852771967401987
2020-05-30 22:02:30,BigBird01558595,,0,0,0,"Tweet #101 32",,,,1266852513891995648,https://twitter.com/BigBird01558595/status/1266852513891995648
2020-05-30 22:01:29,BigBird01558595,,0,0,0,"Tweet #192 72",,,,1266852255648669697,https://twitter.com/BigBird01558595/status/1266852255648669697
2020-05-30 22:00:27,BigBird01558595,,0,0,0,"Tweet #382 131",,,,1266851997661171713,https://twitter.com/BigBird01558595/status/1266851997661171713
2020-05-30 21:59:26,BigBird01558595,,0,0,0,"Tweet #176 176",,,,1266851739862474752,https://twitter.com/BigBird01558595/status/1266851739862474752
2020-05-30 21:58:24,BigBird01558595,,0,0,0,"Tweet #1 80",,,,1266851482009206784,https://twitter.com/BigBird01558595/status/1266851482009206784
2020-05-30 21:57:23,BigBird01558595,,0,0,0,"Tweet #111 98",,,,1266851223765991425,https://twitter.com/BigBird01558595/status/1266851223765991425
2020-05-30 21:56:21,BigBird01558595,,0,0,0,"Tweet #340 48",,,,1266850965711458304,https://twitter.com/BigBird01558595/status/1266850965711458304
2020-05-30 21:55:20,BigBird01558595,,0,0,0,"Tweet #8 0",,,,1266850707644321793,https://twitter.com/BigBird01558595/status/1266850707644321793
2020-05-30 21:54:18,BigBird01558595,,0,0,0,"Tweet #54 2",,,,1266850449690370048,https://twitter.com/BigBird01558595/status/1266850449690370048
2020-05-30 21:53:17,BigBird01558595,,0,0,0,"Tweet #132 126",,,,1266850191887544322,https://twitter.com/BigBird01558595/status/1266850191887544322
2020-05-30 21:52:15,BigBird01558595,,0,0,0,"Tweet #22 0",,,,1266849933811908609,https://twitter.com/BigBird01558595/status/1266849933811908609
2020-05-30 21:51:14,BigBird01558595,,0,0,0,"Tweet #253 38",,,,1266849675648344066,https://twitter.com/BigBird01558595/status/1266849675648344066
2020-05-30 21:50:12,BigBird01558595,,0,0,0,"Tweet #87 0",,,,1266849417577054210,https://twitter.com/BigBird01558595/status/1266849417577054210
2020-05-30 21:49:11,BigBird01558595,,0,0,0,"Tweet #313 180",,,,1266849159677607936,https://twitter.com/BigBird01558595/status/1266849159677607936
2020-05-30 21:48:09,BigBird01558595,,0,0,0,"Tweet #284 56",,,,1266848901698670598,https://twitter.com/BigBird01558595/status/1266848901698670598
2020-05-30 21:47:08,BigBird01558595,,0,0,0,"Tweet #187 118",,,,1266848643375599616,https://twitter.com/BigBird01558595/status/1266848643375599616
2020-05-30 21:46:06,BigBird01558595,,0,0,0,"Tweet #121 43",,,,1266848385149145088,https://twitter.com/BigBird01558595/status/1266848385149145088
2020-05-30 21:45:05,BigBird01558595,,0,0,0,"Tweet #120 196",,,,1266848127216205831,https://twitter.com/BigBird01558595/status/1266848127216205831
2020-05-30 21:44:03,BigBird01558595,,0,0,0,"Tweet #291 140",,,,1266847868008218627,https://twitter.com/BigBird01558595/status/1266847868008218627
2020-05-30 21:43:01,BigBird01558595,,0,0,0,"Tweet #267 96",,,,1266847610142363659,https://twitter.com/BigBird01558595/status/1266847610142363659
2020-05-30 21:42:00,BigBird01558595,,0,0,0,"Tweet #6 26",,,,1266847351886528513,https://twitter.com/BigBird01558595/status/1266847351886528513
2020-05-30 21:40:58,BigBird01558595,,0,0,0,"Tweet #366 61",,,,1266847093932638210,https://twitter.com/BigBird01558595/status/1266847093932638210
2020-05-30 21:39:57,BigBird01558595,,0,0,0,"Tweet #305 25",,,,1266846836033273857,https://twitter.com/BigBird01558595/status/1266846836033273857
2020-05-30 21:38:55,BigBird01558595,,0,0,0,"Tweet #280 178",,,,1266846577760575488,https://twitter.com/BigBird01558595/status/1266846577760575488
2020-05-30 21:37:54,BigBird01558595,,0,1,0,"Tweet #180 69",,,,1266846319605420036,https://twitter.com/BigBird01558595/status/1266846319605420036
2020-05-30 21:36:52,BigBird01558595,,0,0,0,"Tweet #145 238",,,,1266846061664108546,https://twitter.com/BigBird01558595/status/1266846061664108546
2020-05-30 21:35:51,BigBird01558595,,0,0,0,"Tweet #65 0",,,,1266845803701731361,https://twitter.com/BigBird01558595/status/1266845803701731361
2020-05-30 21:34:49,BigBird01558595,,0,0,0,"Tweet #63 223",,,,1266845545722720258,https://twitter.com/BigBird01558595/status/1266845545722720258
2020-05-30 21:33:48,BigBird01558595,,0,0,0,"Tweet #330 44",,,,1266845287777271814,https://twitter.com/BigBird01558595/status/1266845287777271814
2020-05-30 21:32:46,BigBird01558595,,0,0,0,"Tweet #386 7",,,,1266845029827588098,https://twitter.com/BigBird01558595/status/1266845029827588098
2020-05-30 21:31:45,BigBird01558595,,0,0,0,"Tweet #48 217",,,,1266844771525562374,https://twitter.com/BigBird01558595/status/1266844771525562374
2020-05-30 21:30:43,BigBird01558595,,0,0,0,"Tweet #228 4",,,,1266844513630330887,https://twitter.com/BigBird01558595/status/1266844513630330887
2020-05-30 21:29:42,BigBird01558595,,0,0,0,"Tweet #75 11",,,,1266844255626113025,https://twitter.com/BigBird01558595/status/1266844255626113025
2020-05-30 21:28:40,BigBird01558595,,0,0,0,"Tweet #266 194",,,,1266843997814874112,https://twitter.com/BigBird01558595/status/1266843997814874112
2020-05-30 21:27:39,BigBird01558595,,0,0,0,"Tweet #193 253",,,,1266843740016082945,https://twitter.com/BigBird01558595/status/1266843740016082945
2020-05-30 21:26:37,BigBird01558595,,0,0,0,"Tweet #199 191",,,,1266843481785450503,https://twitter.com/BigBird01558595/status/1266843481785450503
2020-05-30 21:25:36,BigBird01558595,,0,0,0,"Tweet #116 23",,,,1266843223995146241,https://twitter.com/BigBird01558595/status/1266843223995146241
2020-05-30 21:24:34,BigBird01558595,,0,0,0,"Tweet #301 232",,,,1266842966028673024,https://twitter.com/BigBird01558595/status/1266842966028673024
2020-05-30 21:23:32,BigBird01558595,,0,0,0,"Tweet #174 183",,,,1266842707370086411,https://twitter.com/BigBird01558595/status/1266842707370086411
2020-05-30 21:22:31,BigBird01558595,,0,0,0,"Tweet #276 114",,,,1266842449571348482,https://twitter.com/BigBird01558595/status/1266842449571348482
2020-05-30 21:21:29,BigBird01558595,,0,0,0,"Tweet #126 11",,,,1266842191219101697,https://twitter.com/BigBird01558595/status/1266842191219101697
2020-05-30 21:20:28,BigBird01558595,,0,0,0,"Tweet #254 231",,,,1266841932187172866,https://twitter.com/BigBird01558595/status/1266841932187172866
2020-05-30 21:19:26,BigBird01558595,,0,0,0,"Tweet #158 2",,,,1266841674203963399,https://twitter.com/BigBird01558595/status/1266841674203963399
2020-05-30 21:18:25,BigBird01558595,,0,0,0,"Tweet #316 9",,,,1266841416120053760,https://twitter.com/BigBird01558595/status/1266841416120053760
2020-05-30 21:17:23,BigBird01558595,,0,0,0,"Tweet #161 76",,,,1266841157985804291,https://twitter.com/BigBird01558595/status/1266841157985804291
2020-05-30 21:16:21,BigBird01558595,,0,0,0,"Tweet #242 171",,,,1266840899578925060,https://twitter.com/BigBird01558595/status/1266840899578925060
2020-05-30 21:15:20,BigBird01558595,,0,0,0,"Tweet #347 249",,,,1266840641390219264,https://twitter.com/BigBird01558595/status/1266840641390219264
2020-05-30 21:14:18,BigBird01558595,,0,0,0,"Tweet #401 0",,,,1266840383255908352,https://twitter.com/BigBird01558595/status/1266840383255908352
2020-05-30 21:13:17,BigBird01558595,,0,0,0,"Tweet #298 76",,,,1266840125255962624,https://twitter.com/BigBird01558595/status/1266840125255962624
2020-05-30 21:12:15,BigBird01558595,,0,0,0,"Tweet #4 13",,,,1266839867218149381,https://twitter.com/BigBird01558595/status/1266839867218149381
2020-05-30 21:11:14,BigBird01558595,,0,0,0,"Tweet #235 47",,,,1266839608656039937,https://twitter.com/BigBird01558595/status/1266839608656039937
2020-05-30 21:10:12,BigBird01558595,,0,0,0,"Tweet #150 5",,,,1266839350286876676,https://twitter.com/BigBird01558595/status/1266839350286876676
2020-05-30 21:09:10,BigBird01558595,,0,0,0,"Tweet #175 93",,,,1266839092211388416,https://twitter.com/BigBird01558595/status/1266839092211388416
2020-05-30 21:08:09,BigBird01558595,,0,1,0,"Tweet #40 69",,,,1266838834299502592,https://twitter.com/BigBird01558595/status/1266838834299502592
2020-05-30 21:07:07,BigBird01558595,,0,0,0,"Tweet #273 113",,,,1266838576282710017,https://twitter.com/BigBird01558595/status/1266838576282710017
2020-05-30 21:06:06,BigBird01558595,,0,0,0,"Tweet #18 0",,,,1266838317699600386,https://twitter.com/BigBird01558595/status/1266838317699600386
2020-05-30 21:05:04,BigBird01558595,,0,0,0,"Tweet #368 190",,,,1266838059624140803,https://twitter.com/BigBird01558595/status/1266838059624140803
2020-05-30 21:04:03,BigBird01558595,,0,0,0,"Tweet #233 160",,,,1266837801695313921,https://twitter.com/BigBird01558595/status/1266837801695313921
2020-05-30 21:03:01,BigBird01558595,,0,0,0,"Tweet #308 9",,,,1266837543531810817,https://twitter.com/BigBird01558595/status/1266837543531810817
2020-05-30 21:02:00,BigBird01558595,,0,0,0,"Tweet #171 67",,,,1266837285519208450,https://twitter.com/BigBird01558595/status/1266837285519208450
2020-05-30 21:00:58,BigBird01558595,,0,0,0,"Tweet #76 18",,,,1266837027267452930,https://twitter.com/BigBird01558595/status/1266837027267452930
2020-05-30 20:59:57,BigBird01558595,,0,0,0,"Tweet #43 0",,,,1266836769095536640,https://twitter.com/BigBird01558595/status/1266836769095536640
2020-05-30 20:58:55,BigBird01558595,,0,0,0,"Tweet #123 177",,,,1266836510365679618,https://twitter.com/BigBird01558595/status/1266836510365679618
2020-05-30 20:57:53,BigBird01558595,,0,0,0,"Tweet #26 0",,,,1266836252382429190,https://twitter.com/BigBird01558595/status/1266836252382429190
2020-05-30 20:56:52,BigBird01558595,,0,1,0,"Tweet #394 69",,,,1266835993577095169,https://twitter.com/BigBird01558595/status/1266835993577095169
2020-05-30 20:55:50,BigBird01558595,,0,0,0,"Tweet #30 11",,,,1266835735153446919,https://twitter.com/BigBird01558595/status/1266835735153446919
2020-05-30 20:54:49,BigBird01558595,,0,0,0,"Tweet #387 67",,,,1266835477119844353,https://twitter.com/BigBird01558595/status/1266835477119844353
2020-05-30 20:53:47,BigBird01558595,,0,0,0,"Tweet #383 26",,,,1266835219052724224,https://twitter.com/BigBird01558595/status/1266835219052724224
2020-05-30 20:52:46,BigBird01558595,,0,0,0,"Tweet #52 0",,,,1266834961258209285,https://twitter.com/BigBird01558595/status/1266834961258209285
2020-05-30 20:51:44,BigBird01558595,,0,0,0,"Tweet #349 33",,,,1266834703597940737,https://twitter.com/BigBird01558595/status/1266834703597940737
2020-05-30 20:50:43,BigBird01558595,,0,0,0,"Tweet #51 0",,,,1266834445279076357,https://twitter.com/BigBird01558595/status/1266834445279076357
2020-05-30 20:49:41,BigBird01558595,,0,0,0,"Tweet #332 203",,,,1266834187786629120,https://twitter.com/BigBird01558595/status/1266834187786629120
2020-05-30 20:48:40,BigBird01558595,,0,0,0,"Tweet #5 10",,,,1266833929966927875,https://twitter.com/BigBird01558595/status/1266833929966927875
2020-05-30 20:47:38,BigBird01558595,,0,0,0,"Tweet #306 108",,,,1266833672138866690,https://twitter.com/BigBird01558595/status/1266833672138866690
2020-05-30 20:46:37,BigBird01558595,,0,0,0,"Tweet #10 0",,,,1266833414281400326,https://twitter.com/BigBird01558595/status/1266833414281400326
2020-05-30 20:45:35,BigBird01558595,,0,0,0,"Tweet #369 157",,,,1266833156084076544,https://twitter.com/BigBird01558595/status/1266833156084076544
2020-05-30 20:44:34,BigBird01558595,,0,0,0,"Tweet #367 191",,,,1266832898096857088,https://twitter.com/BigBird01558595/status/1266832898096857088
2020-05-30 20:43:32,BigBird01558595,,0,0,0,"Tweet #172 135",,,,1266832640155561988,https://twitter.com/BigBird01558595/status/1266832640155561988
2020-05-30 20:42:31,BigBird01558595,,0,0,0,"Tweet #251 73",,,,1266832382268768260,https://twitter.com/BigBird01558595/status/1266832382268768260
2020-05-30 20:41:29,BigBird01558595,,0,0,0,"Tweet #131 28",,,,1266832124377796608,https://twitter.com/BigBird01558595/status/1266832124377796608
2020-05-30 20:40:28,BigBird01558595,,0,0,0,"Tweet #50 221",,,,1266831865614413832,https://twitter.com/BigBird01558595/status/1266831865614413832
2020-05-30 20:39:26,BigBird01558595,,0,0,0,"Tweet #82 210",,,,1266831607350034434,https://twitter.com/BigBird01558595/status/1266831607350034434
2020-05-30 20:38:24,BigBird01558595,,0,0,0,"Tweet #91 68",,,,1266831349509427200,https://twitter.com/BigBird01558595/status/1266831349509427200
2020-05-30 20:37:23,BigBird01558595,,0,0,0,"Tweet #362 52",,,,1266831089924014081,https://twitter.com/BigBird01558595/status/1266831089924014081
2020-05-30 20:36:21,BigBird01558595,,0,0,0,"Tweet #240 194",,,,1266830832091762690,https://twitter.com/BigBird01558595/status/1266830832091762690
2020-05-30 20:35:20,BigBird01558595,,0,0,0,"Tweet #103 6",,,,1266830574184026113,https://twitter.com/BigBird01558595/status/1266830574184026113
2020-05-30 20:34:18,BigBird01558595,,0,0,0,"Tweet #141 133",,,,1266830316142047232,https://twitter.com/BigBird01558595/status/1266830316142047232
2020-05-30 20:33:17,BigBird01558595,,0,0,0,"Tweet #269 12",,,,1266830058263646208,https://twitter.com/BigBird01558595/status/1266830058263646208
2020-05-30 20:32:15,BigBird01558595,,0,0,0,"Tweet #129 129",,,,1266829800494292996,https://twitter.com/BigBird01558595/status/1266829800494292996
2020-05-30 20:31:14,BigBird01558595,,0,0,0,"Tweet #188 177",,,,1266829542888484872,https://twitter.com/BigBird01558595/status/1266829542888484872
2020-05-30 20:30:12,BigBird01558595,,0,0,0,"Tweet #336 254",,,,1266829284951445510,https://twitter.com/BigBird01558595/status/1266829284951445510
2020-05-30 20:29:11,BigBird01558595,,0,0,0,"Tweet #164 140",,,,1266829027219836934,https://twitter.com/BigBird01558595/status/1266829027219836934
2020-05-30 20:28:09,BigBird01558595,,0,0,0,"Tweet #220 40",,,,1266828769559547905,https://twitter.com/BigBird01558595/status/1266828769559547905
2020-05-30 20:27:08,BigBird01558595,,0,0,0,"Tweet #285 41",,,,1266828511723094021,https://twitter.com/BigBird01558595/status/1266828511723094021
2020-05-30 20:26:06,BigBird01558595,,0,0,0,"Tweet #29 216",,,,1266828254155063297,https://twitter.com/BigBird01558595/status/1266828254155063297
2020-05-30 20:25:05,BigBird01558595,,0,0,0,"Tweet #247 215",,,,1266827996545060864,https://twitter.com/BigBird01558595/status/1266827996545060864
2020-05-30 20:24:04,BigBird01558595,,0,0,0,"Tweet #107 208",,,,1266827738381537284,https://twitter.com/BigBird01558595/status/1266827738381537284
2020-05-30 20:23:02,BigBird01558595,,0,0,0,"Tweet #317 101",,,,1266827480477900800,https://twitter.com/BigBird01558595/status/1266827480477900800
2020-05-30 20:22:01,BigBird01558595,,0,0,0,"Tweet #11 13",,,,1266827222490533889,https://twitter.com/BigBird01558595/status/1266827222490533889
2020-05-30 20:20:59,BigBird01558595,,0,0,0,"Tweet #358 253",,,,1266826964494626817,https://twitter.com/BigBird01558595/status/1266826964494626817
2020-05-30 20:19:58,BigBird01558595,,0,0,0,"Tweet #270 23",,,,1266826706838568963,https://twitter.com/BigBird01558595/status/1266826706838568963
2020-05-30 20:18:56,BigBird01558595,,0,0,0,"Tweet #196 163",,,,1266826448603697153,https://twitter.com/BigBird01558595/status/1266826448603697153
2020-05-30 20:17:55,BigBird01558595,,0,0,0,"Tweet #195 110",,,,1266826190687518723,https://twitter.com/BigBird01558595/status/1266826190687518723
2020-05-30 20:16:53,BigBird01558595,,0,0,0,"Tweet #290 250",,,,1266825932800696321,https://twitter.com/BigBird01558595/status/1266825932800696321
2020-05-30 20:15:52,BigBird01558595,,0,0,0,"Tweet #124 6",,,,1266825675073355779,https://twitter.com/BigBird01558595/status/1266825675073355779
2020-05-30 20:14:50,BigBird01558595,,0,0,0,"Tweet #28 0",,,,1266825417182384129,https://twitter.com/BigBird01558595/status/1266825417182384129
2020-05-30 20:13:48,BigBird01558595,,0,0,0,"Tweet #173 170",,,,1266825158754545671,https://twitter.com/BigBird01558595/status/1266825158754545671
2020-05-30 20:12:47,BigBird01558595,,0,0,0,"Tweet #398 66",,,,1266824901085868032,https://twitter.com/BigBird01558595/status/1266824901085868032
2020-05-30 20:11:46,BigBird01558595,,0,0,0,"Tweet #323 22",,,,1266824643354247169,https://twitter.com/BigBird01558595/status/1266824643354247169
2020-05-30 20:10:44,BigBird01558595,,0,0,0,"Tweet #138 20",,,,1266824385505132545,https://twitter.com/BigBird01558595/status/1266824385505132545
2020-05-30 20:09:43,BigBird01558595,,0,0,0,"Tweet #185 233",,,,1266824127731687425,https://twitter.com/BigBird01558595/status/1266824127731687425
2020-05-30 20:08:41,BigBird01558595,,0,0,0,"Tweet #227 95",,,,1266823869484146689,https://twitter.com/BigBird01558595/status/1266823869484146689
2020-05-30 20:07:40,BigBird01558595,,0,0,0,"Tweet #342 84",,,,1266823611328933893,https://twitter.com/BigBird01558595/status/1266823611328933893
2020-05-30 20:06:38,BigBird01558595,,0,0,0,"Tweet #364 56",,,,1266823353547055106,https://twitter.com/BigBird01558595/status/1266823353547055106
2020-05-30 20:05:37,BigBird01558595,,0,0,0,"Tweet #34 0",,,,1266823096016740352,https://twitter.com/BigBird01558595/status/1266823096016740352
2020-05-30 20:04:35,BigBird01558595,,0,0,0,"Tweet #345 44",,,,1266822838285148162,https://twitter.com/BigBird01558595/status/1266822838285148162
2020-05-30 20:03:34,BigBird01558595,,0,0,0,"Tweet #311 0",,,,1266822580150943744,https://twitter.com/BigBird01558595/status/1266822580150943744
2020-05-30 20:02:32,BigBird01558595,,0,0,0,"Tweet #24 1",,,,1266822322423508992,https://twitter.com/BigBird01558595/status/1266822322423508992
2020-05-30 20:01:31,BigBird01558595,,0,0,0,"Tweet #102 16",,,,1266822064113020929,https://twitter.com/BigBird01558595/status/1266822064113020929
2020-05-30 20:00:29,BigBird01558595,,0,0,0,"Tweet #64 199",,,,1266821806373179394,https://twitter.com/BigBird01558595/status/1266821806373179394
2020-05-30 19:59:28,BigBird01558595,,0,0,0,"Tweet #297 119",,,,1266821548654166018,https://twitter.com/BigBird01558595/status/1266821548654166018
2020-05-30 19:58:26,BigBird01558595,,0,0,0,"Tweet #36 6",,,,1266821290532495363,https://twitter.com/BigBird01558595/status/1266821290532495363
2020-05-30 19:57:25,BigBird01558595,,0,0,0,"Tweet #355 166",,,,1266821032708640768,https://twitter.com/BigBird01558595/status/1266821032708640768
2020-05-30 19:56:23,BigBird01558595,,0,0,0,"Tweet #328 144",,,,1266820775128023041,https://twitter.com/BigBird01558595/status/1266820775128023041
2020-05-30 19:55:22,BigBird01558595,,0,0,0,"Tweet #74 0",,,,1266820517434134528,https://twitter.com/BigBird01558595/status/1266820517434134528
2020-05-30 19:54:20,BigBird01558595,,0,0,0,"Tweet #128 71",,,,1266820259736141830,https://twitter.com/BigBird01558595/status/1266820259736141830
2020-05-30 19:53:19,BigBird01558595,,0,0,0,"Tweet #322 53",,,,1266820001476075521,https://twitter.com/BigBird01558595/status/1266820001476075521
2020-05-30 19:52:17,BigBird01558595,,0,0,0,"Tweet #149 143",,,,1266819743631257603,https://twitter.com/BigBird01558595/status/1266819743631257603
2020-05-30 19:51:16,BigBird01558595,,0,0,0,"Tweet #329 247",,,,1266819485966704640,https://twitter.com/BigBird01558595/status/1266819485966704640
2020-05-30 19:50:15,BigBird01558595,,0,0,0,"Tweet #208 195",,,,1266819228264472577,https://twitter.com/BigBird01558595/status/1266819228264472577
2020-05-30 19:49:13,BigBird01558595,,0,0,0,"Tweet #244 211",,,,1266818970570588167,https://twitter.com/BigBird01558595/status/1266818970570588167
2020-05-30 19:48:12,BigBird01558595,,0,0,0,"Tweet #16 0",,,,1266818712432267264,https://twitter.com/BigBird01558595/status/1266818712432267264
2020-05-30 19:47:10,BigBird01558595,,0,0,0,"Tweet #13 72",,,,1266818454805454848,https://twitter.com/BigBird01558595/status/1266818454805454848
2020-05-30 19:46:09,BigBird01558595,,0,0,0,"Tweet #57 78",,,,1266818197002559488,https://twitter.com/BigBird01558595/status/1266818197002559488
2020-05-30 19:45:07,BigBird01558595,,0,0,0,"Tweet #66 0",,,,1266817939321376771,https://twitter.com/BigBird01558595/status/1266817939321376771
2020-05-30 19:44:06,BigBird01558595,,0,0,0,"Tweet #77 0",,,,1266817681291968512,https://twitter.com/BigBird01558595/status/1266817681291968512
2020-05-30 19:43:04,BigBird01558595,,0,0,0,"Tweet #348 202",,,,1266817422968971266,https://twitter.com/BigBird01558595/status/1266817422968971266
2020-05-30 19:42:03,BigBird01558595,,0,0,0,"Tweet #350 106",,,,1266817165312868353,https://twitter.com/BigBird01558595/status/1266817165312868353
2020-05-30 19:41:01,BigBird01558595,,0,0,0,"Tweet #246 180",,,,1266816907539361795,https://twitter.com/BigBird01558595/status/1266816907539361795
2020-05-30 19:40:00,BigBird01558595,,0,0,0,"Tweet #299 164",,,,1266816649895841797,https://twitter.com/BigBird01558595/status/1266816649895841797
2020-05-30 19:38:58,BigBird01558595,,0,0,0,"Tweet #249 85",,,,1266816392050941954,https://twitter.com/BigBird01558595/status/1266816392050941954
2020-05-30 19:37:57,BigBird01558595,,0,0,0,"Tweet #177 104",,,,1266816134000640004,https://twitter.com/BigBird01558595/status/1266816134000640004
2020-05-30 19:36:55,BigBird01558595,,0,0,0,"Tweet #118 126",,,,1266815876327759874,https://twitter.com/BigBird01558595/status/1266815876327759874
2020-05-30 19:35:54,BigBird01558595,,0,0,0,"Tweet #255 141",,,,1266815618428305411,https://twitter.com/BigBird01558595/status/1266815618428305411
2020-05-30 19:34:52,BigBird01558595,,0,0,0,"Tweet #181 97",,,,1266815360243826692,https://twitter.com/BigBird01558595/status/1266815360243826692
2020-05-30 19:33:51,BigBird01558595,,0,0,0,"Tweet #312 131",,,,1266815102667423745,https://twitter.com/BigBird01558595/status/1266815102667423745
2020-05-30 19:32:49,BigBird01558595,,0,0,0,"Tweet #96 213",,,,1266814844583493633,https://twitter.com/BigBird01558595/status/1266814844583493633
2020-05-30 19:31:48,BigBird01558595,,0,0,0,"Tweet #95 141",,,,1266814586801606658,https://twitter.com/BigBird01558595/status/1266814586801606658
2020-05-30 19:30:46,BigBird01558595,,0,0,0,"Tweet #319 99",,,,1266814328973467649,https://twitter.com/BigBird01558595/status/1266814328973467649
2020-05-30 19:29:45,BigBird01558595,,0,0,0,"Tweet #83 221",,,,1266814071111856131,https://twitter.com/BigBird01558595/status/1266814071111856131
2020-05-30 19:28:43,BigBird01558595,,0,0,0,"Tweet #204 180",,,,1266813812902113280,https://twitter.com/BigBird01558595/status/1266813812902113280
2020-05-30 19:27:42,BigBird01558595,,0,0,0,"Tweet #115 178",,,,1266813555124338688,https://twitter.com/BigBird01558595/status/1266813555124338688
2020-05-30 19:26:41,BigBird01558595,,0,0,0,"Tweet #224 61",,,,1266813297602572290,https://twitter.com/BigBird01558595/status/1266813297602572290
2020-05-30 19:25:39,BigBird01558595,,0,0,0,"Tweet #396 68",,,,1266813039581564933,https://twitter.com/BigBird01558595/status/1266813039581564933
2020-05-30 19:24:38,BigBird01558595,,0,0,0,"Tweet #385 179",,,,1266812782042890245,https://twitter.com/BigBird01558595/status/1266812782042890245
2020-05-30 19:23:36,BigBird01558595,,0,0,0,"Tweet #206 9",,,,1266812524562915328,https://twitter.com/BigBird01558595/status/1266812524562915328
2020-05-30 19:22:35,BigBird01558595,,0,0,0,"Tweet #372 251",,,,1266812266357362694,https://twitter.com/BigBird01558595/status/1266812266357362694
2020-05-30 19:21:33,BigBird01558595,,0,0,0,"Tweet #130 184",,,,1266812008663519233,https://twitter.com/BigBird01558595/status/1266812008663519233
2020-05-30 19:20:32,BigBird01558595,,0,0,0,"Tweet #256 157",,,,1266811750915112968,https://twitter.com/BigBird01558595/status/1266811750915112968
2020-05-30 19:19:30,BigBird01558595,,0,0,0,"Tweet #20 0",,,,1266811492957130752,https://twitter.com/BigBird01558595/status/1266811492957130752
2020-05-30 19:18:29,BigBird01558595,,0,0,0,"Tweet #389 0",,,,1266811235321905154,https://twitter.com/BigBird01558595/status/1266811235321905154
2020-05-30 19:17:27,BigBird01558595,,0,0,0,"Tweet #97 212",,,,1266810977405804551,https://twitter.com/BigBird01558595/status/1266810977405804551
2020-05-30 19:16:26,BigBird01558595,,0,0,0,"Tweet #310 50",,,,1266810719573553154,https://twitter.com/BigBird01558595/status/1266810719573553154
2020-05-30 19:15:24,BigBird01558595,,0,0,0,"Tweet #373 29",,,,1266810461808443393,https://twitter.com/BigBird01558595/status/1266810461808443393
2020-05-30 19:14:23,BigBird01558595,,0,0,0,"Tweet #160 135",,,,1266810204076879874,https://twitter.com/BigBird01558595/status/1266810204076879874
2020-05-30 19:13:21,BigBird01558595,,0,0,0,"Tweet #370 230",,,,1266809946034843655,https://twitter.com/BigBird01558595/status/1266809946034843655
2020-05-30 19:12:20,BigBird01558595,,0,0,0,"Tweet #309 111",,,,1266809688437506049,https://twitter.com/BigBird01558595/status/1266809688437506049
2020-05-30 19:11:19,BigBird01558595,,0,0,0,"Tweet #81 1",,,,1266809430835896321,https://twitter.com/BigBird01558595/status/1266809430835896321
2020-05-30 19:10:17,BigBird01558595,,0,0,0,"Tweet #70 72",,,,1266809173100158977,https://twitter.com/BigBird01558595/status/1266809173100158977
2020-05-30 19:09:16,BigBird01558595,,0,0,0,"Tweet #41 0",,,,1266808915477569536,https://twitter.com/BigBird01558595/status/1266808915477569536
2020-05-30 19:08:14,BigBird01558595,,0,0,0,"Tweet #325 117",,,,1266808657808891910,https://twitter.com/BigBird01558595/status/1266808657808891910
2020-05-30 19:07:13,BigBird01558595,,0,0,0,"Tweet #374 254",,,,1266808400073175045,https://twitter.com/BigBird01558595/status/1266808400073175045
2020-05-30 19:06:11,BigBird01558595,,0,0,0,"Tweet #222 216",,,,1266808141842440193,https://twitter.com/BigBird01558595/status/1266808141842440193
2020-05-30 19:05:10,BigBird01558595,,0,0,0,"Tweet #55 116",,,,1266807883733307394,https://twitter.com/BigBird01558595/status/1266807883733307394
2020-05-30 19:04:08,BigBird01558595,,0,0,0,"Tweet #104 224",,,,1266807626005983233,https://twitter.com/BigBird01558595/status/1266807626005983233
2020-05-30 19:03:07,BigBird01558595,,0,0,0,"Tweet #197 231",,,,1266807368031109122,https://twitter.com/BigBird01558595/status/1266807368031109122
2020-05-30 19:02:05,BigBird01558595,,0,0,0,"Tweet #99 109",,,,1266807110240800769,https://twitter.com/BigBird01558595/status/1266807110240800769
2020-05-30 19:01:04,BigBird01558595,,0,0,0,"Tweet #296 182",,,,1266806852265881600,https://twitter.com/BigBird01558595/status/1266806852265881600
2020-05-30 19:00:02,BigBird01558595,,0,0,0,"Tweet #84 126",,,,1266806594379091969,https://twitter.com/BigBird01558595/status/1266806594379091969
2020-05-30 18:59:01,BigBird01558595,,0,0,0,"Tweet #33 0",,,,1266806336764944384,https://twitter.com/BigBird01558595/status/1266806336764944384
2020-05-30 18:57:59,BigBird01558595,,0,0,0,"Tweet #399 96",,,,1266806078714585089,https://twitter.com/BigBird01558595/status/1266806078714585089
2020-05-30 18:56:58,BigBird01558595,,0,0,0,"Tweet #113 58",,,,1266805820886482944,https://twitter.com/BigBird01558595/status/1266805820886482944
2020-05-30 18:55:56,BigBird01558595,,0,0,0,"Tweet #210 252",,,,1266805562790084608,https://twitter.com/BigBird01558595/status/1266805562790084608
2020-05-30 18:54:55,BigBird01558595,,0,0,0,"Tweet #25 3",,,,1266805305083559946,https://twitter.com/BigBird01558595/status/1266805305083559946
2020-05-30 18:53:54,BigBird01558595,,0,0,0,"Tweet #85 252",,,,1266805047448555521,https://twitter.com/BigBird01558595/status/1266805047448555521
2020-05-30 18:52:52,BigBird01558595,,0,0,0,"Tweet #92 65",,,,1266804789872033792,https://twitter.com/BigBird01558595/status/1266804789872033792
2020-05-30 18:51:51,BigBird01558595,,0,0,0,"Tweet #179 60",,,,1266804532060852224,https://twitter.com/BigBird01558595/status/1266804532060852224
2020-05-30 18:50:49,BigBird01558595,,0,0,0,"Tweet #169 218",,,,1266804274249568256,https://twitter.com/BigBird01558595/status/1266804274249568256
2020-05-30 18:49:48,BigBird01558595,,0,0,0,"Tweet #339 191",,,,1266804016085950466,https://twitter.com/BigBird01558595/status/1266804016085950466
2020-05-30 18:48:46,BigBird01558595,,0,0,0,"Tweet #183 224",,,,1266803757771350016,https://twitter.com/BigBird01558595/status/1266803757771350016
2020-05-30 18:47:45,BigBird01558595,,0,0,0,"Tweet #100 197",,,,1266803499834245120,https://twitter.com/BigBird01558595/status/1266803499834245120
2020-05-30 18:46:43,BigBird01558595,,0,0,0,"Tweet #106 92",,,,1266803241934864390,https://twitter.com/BigBird01558595/status/1266803241934864390
2020-05-30 18:45:42,BigBird01558595,,0,0,0,"Tweet #346 10",,,,1266802983985127431,https://twitter.com/BigBird01558595/status/1266802983985127431
2020-05-30 18:44:40,BigBird01558595,,0,0,0,"Tweet #148 224",,,,1266802725871857665,https://twitter.com/BigBird01558595/status/1266802725871857665
2020-05-30 18:43:39,BigBird01558595,,0,0,0,"Tweet #344 146",,,,1266802468131876867,https://twitter.com/BigBird01558595/status/1266802468131876867
2020-05-30 18:42:37,BigBird01558595,,0,0,0,"Tweet #202 81",,,,1266802210471583745,https://twitter.com/BigBird01558595/status/1266802210471583745
2020-05-30 18:41:36,BigBird01558595,,0,0,0,"Tweet #287 11",,,,1266801952874209281,https://twitter.com/BigBird01558595/status/1266801952874209281
2020-05-30 18:40:34,BigBird01558595,,0,0,0,"Tweet #303 58",,,,1266801695373307907,https://twitter.com/BigBird01558595/status/1266801695373307907
2020-05-30 18:39:33,BigBird01558595,,0,0,0,"Tweet #218 181",,,,1266801437314514945,https://twitter.com/BigBird01558595/status/1266801437314514945
2020-05-30 18:38:31,BigBird01558595,,0,0,0,"Tweet #94 56",,,,1266801179436204033,https://twitter.com/BigBird01558595/status/1266801179436204033
2020-05-30 18:37:30,BigBird01558595,,0,0,0,"Tweet #151 255",,,,1266800921910169601,https://twitter.com/BigBird01558595/status/1266800921910169601
2020-05-30 18:36:28,BigBird01558595,,0,0,0,"Tweet #379 248",,,,1266800663926898689,https://twitter.com/BigBird01558595/status/1266800663926898689
2020-05-30 18:35:27,BigBird01558595,,0,0,0,"Tweet #239 171",,,,1266800406421811205,https://twitter.com/BigBird01558595/status/1266800406421811205
2020-05-30 18:34:26,BigBird01558595,,0,0,0,"Tweet #37 80",,,,1266800148350468096,https://twitter.com/BigBird01558595/status/1266800148350468096
2020-05-30 18:33:24,BigBird01558595,,0,0,0,"Tweet #354 205",,,,1266799890706960384,https://twitter.com/BigBird01558595/status/1266799890706960384
2020-05-30 18:32:23,BigBird01558595,,0,0,0,"Tweet #223 22",,,,1266799632757264384,https://twitter.com/BigBird01558595/status/1266799632757264384
2020-05-30 18:31:21,BigBird01558595,,0,0,0,"Tweet #272 174",,,,1266799374950072320,https://twitter.com/BigBird01558595/status/1266799374950072320
2020-05-30 18:30:20,BigBird01558595,,0,0,0,"Tweet #68 9",,,,1266799117256228864,https://twitter.com/BigBird01558595/status/1266799117256228864
2020-05-30 18:29:18,BigBird01558595,,0,0,0,"Tweet #88 1",,,,1266798859004661762,https://twitter.com/BigBird01558595/status/1266798859004661762
2020-05-30 18:28:16,BigBird01558595,,0,0,0,"Tweet #241 33",,,,1266798599700197377,https://twitter.com/BigBird01558595/status/1266798599700197377
2020-05-30 18:27:15,BigBird01558595,,0,0,0,"Tweet #60 255",,,,1266798342077628417,https://twitter.com/BigBird01558595/status/1266798342077628417
2020-05-30 18:26:13,BigBird01558595,,0,0,0,"Tweet #392 0",,,,1266798084270497794,https://twitter.com/BigBird01558595/status/1266798084270497794
2020-05-30 18:25:12,BigBird01558595,,0,0,0,"Tweet #252 205",,,,1266797826228588545,https://twitter.com/BigBird01558595/status/1266797826228588545
2020-05-30 18:24:10,BigBird01558595,,0,0,0,"Tweet #295 214",,,,1266797567934976000,https://twitter.com/BigBird01558595/status/1266797567934976000
2020-05-30 18:23:09,BigBird01558595,,0,0,0,"Tweet #343 149",,,,1266797310106796033,https://twitter.com/BigBird01558595/status/1266797310106796033
2020-05-30 18:22:07,BigBird01558595,,0,0,0,"Tweet #363 59",,,,1266797052006223875,https://twitter.com/BigBird01558595/status/1266797052006223875
2020-05-30 18:21:06,BigBird01558595,,0,0,0,"Tweet #318 114",,,,1266796793964236801,https://twitter.com/BigBird01558595/status/1266796793964236801
2020-05-30 18:20:04,BigBird01558595,,0,0,0,"Tweet #243 162",,,,1266796535880265729,https://twitter.com/BigBird01558595/status/1266796535880265729
2020-05-30 18:19:03,BigBird01558595,,0,0,0,"Tweet #334 120",,,,1266796277729308674,https://twitter.com/BigBird01558595/status/1266796277729308674
2020-05-30 18:18:01,BigBird01558595,,0,0,0,"Tweet #393 73",,,,1266796019750223878,https://twitter.com/BigBird01558595/status/1266796019750223878
2020-05-30 18:17:00,BigBird01558595,,0,0,0,"Tweet #109 11",,,,1266795761959940096,https://twitter.com/BigBird01558595/status/1266795761959940096
2020-05-30 18:15:58,BigBird01558595,,0,0,0,"Tweet #283 117",,,,1266795503938920449,https://twitter.com/BigBird01558595/status/1266795503938920449
2020-05-30 18:14:57,BigBird01558595,,0,0,0,"Tweet #90 73",,,,1266795246211477508,https://twitter.com/BigBird01558595/status/1266795246211477508
2020-05-30 18:13:55,BigBird01558595,,0,0,0,"Tweet #80 18",,,,1266794987464908800,https://twitter.com/BigBird01558595/status/1266794987464908800
2020-05-30 18:12:54,BigBird01558595,,0,0,0,"Tweet #31 12",,,,1266794729783558145,https://twitter.com/BigBird01558595/status/1266794729783558145
2020-05-30 18:11:52,BigBird01558595,,0,0,0,"Tweet #304 89",,,,1266794471666188288,https://twitter.com/BigBird01558595/status/1266794471666188288
2020-05-30 18:10:51,BigBird01558595,,0,0,0,"Tweet #231 172",,,,1266794213930385408,https://twitter.com/BigBird01558595/status/1266794213930385408
2020-05-30 18:09:49,BigBird01558595,,0,0,0,"Tweet #105 179",,,,1266793956207099904,https://twitter.com/BigBird01558595/status/1266793956207099904
2020-05-30 18:08:48,BigBird01558595,,0,0,0,"Tweet #229 28",,,,1266793697921941505,https://twitter.com/BigBird01558595/status/1266793697921941505
2020-05-30 18:07:46,BigBird01558595,,0,0,0,"Tweet #381 201",,,,1266793440265883648,https://twitter.com/BigBird01558595/status/1266793440265883648
2020-05-30 18:06:45,BigBird01558595,,0,0,0,"Tweet #142 191",,,,1266793182592991238,https://twitter.com/BigBird01558595/status/1266793182592991238
2020-05-30 18:05:43,BigBird01558595,,0,0,0,"Tweet #209 40",,,,1266792924806885377,https://twitter.com/BigBird01558595/status/1266792924806885377
2020-05-30 18:04:42,BigBird01558595,,0,0,0,"Tweet #155 7",,,,1266792667100430336,https://twitter.com/BigBird01558595/status/1266792667100430336
2020-05-30 18:03:40,BigBird01558595,,0,0,0,"Tweet #215 41",,,,1266792408882216963,https://twitter.com/BigBird01558595/status/1266792408882216963
2020-05-30 18:02:39,BigBird01558595,,0,0,0,"Tweet #232 200",,,,1266792150911651840,https://twitter.com/BigBird01558595/status/1266792150911651840
2020-05-30 18:01:37,BigBird01558595,,0,0,0,"Tweet #293 47",,,,1266791893041643526,https://twitter.com/BigBird01558595/status/1266791893041643526
2020-05-30 18:00:36,BigBird01558595,,0,0,0,"Tweet #71 89",,,,1266791635221975040,https://twitter.com/BigBird01558595/status/1266791635221975040
2020-05-30 17:59:34,BigBird01558595,,0,0,0,"Tweet #38 76",,,,1266791377452613637,https://twitter.com/BigBird01558595/status/1266791377452613637
2020-05-30 17:58:33,BigBird01558595,,0,0,0,"Tweet #324 63",,,,1266791119301611526,https://twitter.com/BigBird01558595/status/1266791119301611526
2020-05-30 17:57:31,BigBird01558595,,0,0,0,"Tweet #237 77",,,,1266790861460910082,https://twitter.com/BigBird01558595/status/1266790861460910082
2020-05-30 17:56:30,BigBird01558595,,0,0,0,"Tweet #15 82",,,,1266790603301556232,https://twitter.com/BigBird01558595/status/1266790603301556232
2020-05-30 17:55:28,BigBird01558595,,0,0,0,"Tweet #32 35",,,,1266790345691537412,https://twitter.com/BigBird01558595/status/1266790345691537412
2020-05-30 17:54:27,BigBird01558595,,0,0,0,"Tweet #371 119",,,,1266790087850897416,https://twitter.com/BigBird01558595/status/1266790087850897416
2020-05-30 17:53:25,BigBird01558595,,0,0,0,"Tweet #212 230",,,,1266789829712453634,https://twitter.com/BigBird01558595/status/1266789829712453634
2020-05-30 17:52:23,BigBird01558595,,0,0,0,"Tweet #326 251",,,,1266789567207813122,https://twitter.com/BigBird01558595/status/1266789567207813122
2020-05-30 17:51:21,BigBird01558595,,0,0,0,"Tweet #110 88",,,,1266789309383933952,https://twitter.com/BigBird01558595/status/1266789309383933952
2020-05-30 17:50:20,BigBird01558595,,0,0,0,"Tweet #27 0",,,,1266789051450953729,https://twitter.com/BigBird01558595/status/1266789051450953729
2020-05-30 17:49:18,BigBird01558595,,0,0,0,"Tweet #378 143",,,,1266788793425768457,https://twitter.com/BigBird01558595/status/1266788793425768457
2020-05-30 17:48:17,BigBird01558595,,0,0,0,"Tweet #47 165",,,,1266788535190896649,https://twitter.com/BigBird01558595/status/1266788535190896649
2020-05-30 17:47:15,BigBird01558595,,0,0,0,"Tweet #79 11",,,,1266788277375434752,https://twitter.com/BigBird01558595/status/1266788277375434752
2020-05-30 17:46:14,BigBird01558595,,0,0,0,"Tweet #117 8",,,,1266788019601899521,https://twitter.com/BigBird01558595/status/1266788019601899521
2020-05-30 17:45:12,BigBird01558595,,0,0,0,"Tweet #302 30",,,,1266787761450815488,https://twitter.com/BigBird01558595/status/1266787761450815488
2020-05-30 17:44:11,BigBird01558595,,0,0,0,"Tweet #250 245",,,,1266787503761129472,https://twitter.com/BigBird01558595/status/1266787503761129472
2020-05-30 17:43:09,BigBird01558595,,0,0,0,"Tweet #182 242",,,,1266787245509541888,https://twitter.com/BigBird01558595/status/1266787245509541888
2020-05-30 17:42:08,BigBird01558595,,0,0,0,"Tweet #17 0",,,,1266786987794710528,https://twitter.com/BigBird01558595/status/1266786987794710528
2020-05-30 17:41:06,BigBird01558595,,0,1,0,"Tweet #137 69",,,,1266786729966604295,https://twitter.com/BigBird01558595/status/1266786729966604295
2020-05-30 17:40:05,BigBird01558595,,0,1,0,"Tweet #69 112",,,,1266786471848972290,https://twitter.com/BigBird01558595/status/1266786471848972290
2020-05-30 17:39:03,BigBird01558595,,0,0,0,"Tweet #207 182",,,,1266786213983399936,https://twitter.com/BigBird01558595/status/1266786213983399936
2020-05-30 17:38:02,BigBird01558595,,0,0,0,"Tweet #257 47",,,,1266785955836579841,https://twitter.com/BigBird01558595/status/1266785955836579841
2020-05-30 17:37:00,BigBird01558595,,0,0,0,"Tweet #73 0",,,,1266785698142707716,https://twitter.com/BigBird01558595/status/1266785698142707716
2020-05-30 17:35:59,BigBird01558595,,0,0,0,"Tweet #2 78",,,,1266785440071368704,https://twitter.com/BigBird01558595/status/1266785440071368704
2020-05-30 17:34:57,BigBird01558595,,0,0,0,"Tweet #278 57",,,,1266785182486614018,https://twitter.com/BigBird01558595/status/1266785182486614018
2020-05-30 17:33:56,BigBird01558595,,0,0,0,"Tweet #67 0",,,,1266784924645896199,https://twitter.com/BigBird01558595/status/1266784924645896199
2020-05-30 17:32:54,BigBird01558595,,0,0,0,"Tweet #226 162",,,,1266784666717229056,https://twitter.com/BigBird01558595/status/1266784666717229056
2020-05-30 17:31:53,BigBird01558595,,0,0,0,"Tweet #170 237",,,,1266784408771624961,https://twitter.com/BigBird01558595/status/1266784408771624961
2020-05-30 17:30:51,BigBird01558595,,0,0,0,"Tweet #166 22",,,,1266784150935273475,https://twitter.com/BigBird01558595/status/1266784150935273475
2020-05-30 17:29:50,BigBird01558595,,0,0,0,"Tweet #146 135",,,,1266783893048430593,https://twitter.com/BigBird01558595/status/1266783893048430593
2020-05-30 17:28:48,BigBird01558595,,0,0,0,"Tweet #184 19",,,,1266783635098808325,https://twitter.com/BigBird01558595/status/1266783635098808325
2020-05-30 17:27:47,BigBird01558595,,0,0,0,"Tweet #143 2",,,,1266783377308504065,https://twitter.com/BigBird01558595/status/1266783377308504065
2020-05-30 17:26:45,BigBird01558595,,0,0,0,"Tweet #157 186",,,,1266783118993866755,https://twitter.com/BigBird01558595/status/1266783118993866755
2020-05-30 17:25:44,BigBird01558595,,0,0,0,"Tweet #156 191",,,,1266782861010534409,https://twitter.com/BigBird01558595/status/1266782861010534409
2020-05-30 17:24:42,BigBird01558595,,0,0,0,"Tweet #144 249",,,,1266782603199369217,https://twitter.com/BigBird01558595/status/1266782603199369217
2020-05-30 17:23:41,BigBird01558595,,0,0,0,"Tweet #9 0",,,,1266782345534808065,https://twitter.com/BigBird01558595/status/1266782345534808065
2020-05-30 17:22:39,BigBird01558595,,0,0,0,"Tweet #289 112",,,,1266782084137455616,https://twitter.com/BigBird01558595/status/1266782084137455616
2020-05-30 17:21:37,BigBird01558595,,0,0,0,"Tweet #119 11",,,,1266781824958767104,https://twitter.com/BigBird01558595/status/1266781824958767104
2020-05-30 17:20:35,BigBird01558595,,0,0,0,"Tweet #154 96",,,,1266781565943713792,https://twitter.com/BigBird01558595/status/1266781565943713792
